{
  "step": 25000,
  "episode": 5,
  "timestamp": "20260510_111310",
  "actor_preference": [
    -3.735280384323832,
    4.115283698898592,
    4.101573302270341,
    -5.0
  ],
  "actor_pi": [
    0.011458074400534111,
    0.6279122693068877,
    0.3508779508051428,
    0.009751705486807373
  ],
  "actor_temperature": 0.8632781785328267,
  "prior": [
    0.007353930798343183,
    0.011124914294125708,
    0.975938092039764,
    0.005583062867767161
  ],
  "omega_d": 0.31279033296477593,
  "omega_s": 0.3419561623113764,
  "omega_n": 0.34525349472384764,
  "critic_means": {
    "reward": 7.318426359621061,
    "risk": 6.9164456235680625,
    "uncertainty": 9.984596178176494,
    "conflict": 5.981771543770464,
    "habit_goal": 9.776662220741787
  },
  "weight_means": {
    "ctx_d1": 0.16756467054321886,
    "ctx_d2": 0.18483288873875103,
    "d1_gpi": 0.3976787614447239,
    "d2_gpe": 0.22842983120389923
  },
  "metrics": {
    "final_accuracy": 0.55328,
    "total_steps": 25000
  }
}