{
  "capability_scores": {
    "learn_rewards": 0.6160666666666667,
    "resolve_conflict": 0.29446666666666665,
    "adapt_volatility": 0.3172666666666667,
    "reason_uncertainty": 0.5257639075806999,
    "stable_selection": 0.23519999999999996,
    "explain_choices": 0.589946655479257,
    "overall": 0.42978509384332614
  },
  "task_results": {
    "probabilistic_bandit": {
      "accuracy": 0.6446666666666667,
      "mean_reward": 0.30026161359476594,
      "cumulative_reward": 900.7848407842978,
      "convergence_step": 10,
      "regret": 2995.6830877784128,
      "mean_U": 0.7063635197369723,
      "mean_delta_total": 0.06985843412473842,
      "mean_alpha_t": 0.18450039138976648,
      "mean_expl_conf": 0.4555455361841194,
      "mean_n_rules": 4.450333333333333,
      "total_energy_nJ": 1459.596,
      "spike_reduction_pct": 0.0,
      "elapsed_s": 11.688164710998535
    },
    "reversal_learning": {
      "accuracy": 0.3,
      "mean_reward": -0.05,
      "cumulative_reward": -150.0,
      "convergence_step": 2170,
      "regret": 3150.0,
      "mean_U": 0.7459180131821683,
      "mean_delta_total": -0.03188611566574193,
      "mean_alpha_t": 0.19974442991388325,
      "mean_expl_conf": 0.4278573907724821,
      "mean_n_rules": 5.339666666666667,
      "total_energy_nJ": 1652.594,
      "spike_reduction_pct": 0.0,
      "elapsed_s": 12.520358324050903
    },
    "stop_signal": {
      "accuracy": 0.37966666666666665,
      "mean_reward": -0.009666666666666667,
      "cumulative_reward": -29.0,
      "convergence_step": 2516,
      "regret": 3029.0,
      "mean_U": 0.7515376452053318,
      "mean_delta_total": -0.0531151908822697,
      "mean_alpha_t": 0.22944050112090267,
      "mean_expl_conf": 0.4239236483562678,
      "mean_n_rules": 5.556333333333333,
      "total_energy_nJ": 1647.058,
      "spike_reduction_pct": 0.0,
      "elapsed_s": 12.389990091323853
    },
    "sequential_decision": {
      "accuracy": 0.19733333333333333,
      "mean_reward": -0.7813,
      "cumulative_reward": -2343.9,
      "convergence_step": -1,
      "regret": 17343.9,
      "mean_U": 0.7354419174030675,
      "mean_delta_total": -0.2168606360289622,
      "mean_alpha_t": 0.17038949351483612,
      "mean_expl_conf": 0.43519065781785266,
      "mean_n_rules": 5.2636666666666665,
      "total_energy_nJ": 1586.162,
      "spike_reduction_pct": 0.0,
      "elapsed_s": 12.466744899749756
    },
    "grid_world": {
      "accuracy": 0.004333333333333333,
      "mean_reward": -0.05623333333333332,
      "cumulative_reward": -168.69999999999996,
      "convergence_step": -1,
      "regret": 30168.699999999993,
      "mean_U": 0.7126701756024753,
      "mean_delta_total": -0.058797619611231935,
      "mean_alpha_t": 0.14366662640891942,
      "mean_expl_conf": 0.4511308770782672,
      "mean_n_rules": 4.95,
      "total_energy_nJ": 1596.542,
      "spike_reduction_pct": 0.0,
      "elapsed_s": 12.218822717666626
    },
    "risk_sensitive": {
      "accuracy": 0.6676666666666666,
      "mean_reward": -0.33100166666666664,
      "cumulative_reward": -993.0049999999999,
      "convergence_step": 0,
      "regret": 3993.005,
      "mean_U": 0.7470052525843826,
      "mean_delta_total": -0.7010470444231897,
      "mean_alpha_t": 0.2519947689862926,
      "mean_expl_conf": 0.4270963231909321,
      "mean_n_rules": 5.438666666666666,
      "total_energy_nJ": 1621.8,
      "spike_reduction_pct": 0.0,
      "elapsed_s": 12.69964075088501
    },
    "volatile_reward": {
      "accuracy": 0.25566666666666665,
      "mean_reward": 0.25566666666666665,
      "cumulative_reward": 767.0,
      "convergence_step": -1,
      "regret": 2233.0,
      "mean_U": 0.7489735350167663,
      "mean_delta_total": 0.06824853472755024,
      "mean_alpha_t": 0.18675204238048082,
      "mean_expl_conf": 0.42571852548826367,
      "mean_n_rules": 4.266666666666667,
      "total_energy_nJ": 1348.676,
      "spike_reduction_pct": 0.0,
      "elapsed_s": 12.391192197799683
    },
    "hidden_rule": {
      "accuracy": 0.6396666666666667,
      "mean_reward": 0.6396666666666667,
      "cumulative_reward": 1919.0,
      "convergence_step": 0,
      "regret": 1081.0,
      "mean_U": 0.7378980858421116,
      "mean_delta_total": 0.13328319137849326,
      "mean_alpha_t": 0.18751970665771361,
      "mean_expl_conf": 0.43347133991052184,
      "mean_n_rules": 4.39,
      "total_energy_nJ": 1505.396,
      "spike_reduction_pct": 0.0,
      "elapsed_s": 12.518224954605103
    },
    "counterfactual": {
      "accuracy": 0.295,
      "mean_reward": 0.295,
      "cumulative_reward": 885.0,
      "convergence_step": 2009,
      "regret": 2115.0,
      "mean_U": 0.6717899787548167,
      "mean_delta_total": 0.075613537756371,
      "mean_alpha_t": 0.17229502673022246,
      "mean_expl_conf": 0.4797470148716284,
      "mean_n_rules": 4.350333333333333,
      "total_energy_nJ": 1351.134,
      "spike_reduction_pct": 0.0,
      "elapsed_s": 11.804387092590332
    }
  }
}